190.9029254, 264.6393448,  7.5626638, -3.8977760, 33.9784932,  0.7624757,  0.0687185,  5.5908821, 1875.2915443,  0.0626584, 362.8516494,  1.4559037,  0.0046407, 27.8386017, -0.3755396,  0.0619610, 18.4079297, -1531.8577654, 30.7529448,  0.0916850, 190.9029254
153.6327281, 255.0677516,  7.8251589, -7.1891308, 39.9201059,  0.9207908,  0.0779809,  5.2378209, 2041.6974621,  0.0663306, 309.4983803,  1.5430689,  0.0041071, 22.9496557, -0.5930336,  0.0449860, 13.0022083, -1151.4665029, 28.0003542,  0.0718328, 153.6327281
198.5974317, 222.7585880,  8.2810754, -9.2532352, 22.5042537,  0.9470861,  0.0665458,  3.2116510, 2466.9617899,  0.0493711, 351.0332532,  1.3517597,  0.0053614, 24.7234766, -0.8732423,  0.0909770, 14.4117110, -1538.3164170, 52.0610315,  0.0677764, 198.5974317
175.1139522, 282.1408595,  6.0044073,  7.8588998, 18.3742864,  0.8105249,  0.0540904,  3.4234098, 2103.3272123,  0.0600356, 267.6685495,  1.1731614,  0.0031901, 25.6966726,  0.5575584,  0.0839724, 12.6908116, -1426.2532626, 36.8072167,  0.0599080, 175.1139522
197.4264876, 266.1450861,  6.3014308, -1.9036107, 36.8033540,  0.9500945,  0.0647231,  5.1247332, 2245.9387845,  0.0620438, 358.7457157,  1.3923842,  0.0045567, 32.9921864, -0.1808982,  0.0564889, 14.5878813, -1606.0561224, 33.1301834,  0.0755957, 197.4264876
175.0694241, 272.3497692,  8.8320208, -8.5668534, 36.0596004,  0.9661449,  0.0201186,  5.6804979, 1808.4949207,  0.0758493, 538.8118096,  2.3512549,  0.0067537, 35.7018810, -1.2435747,  0.0874441, 21.7579340, -7836.5368360, 45.3324934,  0.1423897, 175.0694241
167.5911844, 271.0318155,  8.8051703, -2.9414900, 31.3944379,  0.8915823,  0.0196135,  5.8205867, 1737.5967022,  0.0512974, 509.5396407,  2.3170164,  0.0064690, 34.1351252, -0.4043286,  0.0957385, 22.4743211, -7662.2010509, 42.1713324,  0.1412652, 167.5911844
179.2874944, 299.6420504,  6.2197918,  3.2221520, 27.6100078,  0.8861525,  0.0451996,  4.7636114, 2117.7830035,  0.0384046, 339.4856255,  1.4445870,  0.0038850, 32.0846908,  0.2941196,  0.0722782, 15.0132247, -2207.5420417, 34.2122951,  0.0769550, 179.2874944
166.0134478, 221.8893789,  9.5923686, -9.4345170, 18.7629625,  0.7949012,  0.0204450,  2.7138646, 2098.8129480,  0.0302900, 396.3759859,  1.8171414,  0.0061730, 24.4786735, -1.0214793,  0.1251447, 19.6928829, -5742.4323515, 70.6594735,  0.0913660, 166.0134478
199.2817996, 288.0271898,  8.9363212,  3.7385713, 21.8946958,  0.6324615,  0.0508542,  3.1203425, 1870.9296436,  0.0534399, 336.5519220,  1.2930612,  0.0039602, 21.8816435,  0.3345086,  0.0893099, 20.6116785, -1922.5676866, 51.1777590,  0.0853544, 199.2817996
182.7687548, 283.9529554,  8.0504584,  4.2064608, 29.3550667,  0.9564798,  0.0500771,  2.5763563, 2147.7646379,  0.0252671, 290.4857453,  1.2108512,  0.0035236, 21.3056965,  0.3302634,  0.0584296, 11.9549913, -1712.5667308, 54.3694886,  0.0652191, 182.7687548
163.2768059, 290.3979802,  6.1138960, -6.7274348, 42.3392182,  0.5618743,  0.0332873,  5.5408450, 1847.8821934,  0.0388571, 341.2298782,  1.5935369,  0.0040362, 32.8646822, -0.6205049,  0.0474575, 23.8405938, -3018.1374616, 29.6153123,  0.0888010, 163.2768059
198.2497731, 233.6390986,  6.4091473,  3.9815152, 40.8651016,  0.6527761,  0.0202321,  3.6462863, 2086.2343350,  0.0347713, 407.8945511,  1.5679830,  0.0060071, 37.5402021,  0.4384207,  0.0588768, 24.5720481, -5946.0201117, 53.8878576,  0.0941843, 198.2497731
192.2299670, 231.0534412,  9.9082910, -2.8557214, 40.6062406,  0.7187961,  0.0632492,  3.6589168, 2067.5266975,  0.0706434, 374.9978072,  1.4957847,  0.0054748, 21.8857946, -0.2831931,  0.0534033, 20.1124082, -1714.2564496, 48.4008924,  0.0856554, 192.2299670
166.7987927, 277.9955592,  8.8394167, -2.7110027, 41.7686098,  0.8090515,  0.0497317,  4.7470123, 2089.5327376,  0.0620178, 384.3646059,  1.7617138,  0.0047090, 25.3876556, -0.2781931,  0.0537274, 18.4917817, -2256.2277426, 38.6074108,  0.0877085, 166.7987927
194.6975229, 256.1529106,  9.3741597,  9.9247455, 20.3786271,  0.8504786,  0.0612891,  2.9024506, 1722.7740795,  0.0681520, 308.6984472,  1.2183233,  0.0040367, 18.9091775,  0.8119788,  0.0869821, 13.8947370, -1446.0791988, 49.8752377,  0.0840275, 194.6975229
164.6323342, 289.8453552,  9.6910016, -4.6056115, 22.6781452,  0.8856207,  0.0361467,  4.2515907, 1781.8884291,  0.0341696, 383.7619251,  1.7751852,  0.0045662, 23.4116050, -0.4784868,  0.1000443, 17.0789364, -3138.3509948, 43.5806031,  0.1039834, 164.6323342
166.5166949, 255.0669113,  9.5666583, -9.1962388, 39.2808015,  0.8901187,  0.0391859,  3.5184465, 2037.7926649,  0.0329864, 369.3304363,  1.6892104,  0.0049925, 22.8191062, -0.9252671,  0.0555749, 16.3500741, -2785.4701910, 50.6702180,  0.0874870, 166.5166949
198.2017948, 245.2953031,  8.3884737,  6.1515163, 25.0604284,  0.8740528,  0.0484710,  4.6497631, 2390.4731694,  0.0545350, 452.6336649,  1.7442429,  0.0063042, 31.6022726,  0.7480018,  0.1057822, 20.2195899, -2734.5742606, 46.5602460,  0.0905654, 198.2017948
169.9400210, 232.4590516,  7.6402703, -3.5689836, 28.3382695,  0.8201742,  0.0742469,  2.9646925, 1812.6423441,  0.0357334, 233.9402758,  1.0521140,  0.0034309, 17.8947392, -0.2232476,  0.0482459, 11.1131383, -920.7164426, 37.6616442,  0.0615980, 169.9400210
164.9744676, 257.6909462,  8.5339568, -6.1769216, 30.8284218,  0.7181377,  0.0197737,  3.0936561, 2281.8081359,  0.0466498, 412.0416362,  1.9044765,  0.0054919, 28.4284740, -0.6873994,  0.0786960, 22.5218979, -6134.5838001, 64.0437552,  0.0868300, 164.9744676
165.7411535, 275.3036852,  8.8392934,  8.2388301, 30.4672846,  0.5111260,  0.0390771,  2.5259172, 2209.1759647,  0.0537726, 307.1766067,  1.4178534,  0.0037919, 20.2457995,  0.6783781,  0.0587379, 23.3417430, -2289.8148710, 57.8599694,  0.0661557, 165.7411535
177.2202777, 222.8216300,  8.7155068,  9.0894626, 26.3478147,  0.5521671,  0.0431211,  4.0736472, 1889.6828246,  0.0654593, 366.5213302,  1.5835126,  0.0055750, 24.4337329,  0.8919315,  0.0808235, 25.7111000, -2469.2383764, 42.6917429,  0.0920319, 177.2202777
182.2383145, 262.9274306,  6.8270453, -4.4348901, 37.1046573,  0.8590431,  0.0356991,  4.9469831, 2410.1617947,  0.0492985, 424.3760082,  1.7770750,  0.0055296, 36.5070314, -0.5060655,  0.0671709, 19.3420761, -3490.7784061, 41.1446815,  0.0844516, 182.2383145
154.6385054, 236.2020251,  6.5323488,  6.0518693, 19.3195377,  0.8159795,  0.0288596,  5.2107986, 2211.4911950,  0.0503723, 380.7070397,  1.8783226,  0.0055258, 34.2526906,  0.6210390,  0.1158157, 18.2807298, -3876.5372926, 35.0674829,  0.0826273, 154.6385054
164.8826221, 234.7015638,  7.9863429,  9.5305826, 20.0090377,  0.9267035,  0.0749865,  5.0657249, 1942.4163119,  0.0424882, 317.8989048,  1.4717301,  0.0046362, 23.3568741,  0.8198977,  0.0932259, 13.4193237, -1243.7977475, 30.0722485,  0.0784269, 164.8826221
173.4344380, 295.8229344,  9.4182392,  3.5090018, 22.5552231,  0.7911533,  0.0556007,  5.7920060, 1925.1557120,  0.0404681, 415.3672979,  1.8251675,  0.0048313, 26.0143360,  0.3933286,  0.1086264, 20.6457450, -2203.2908394, 34.5460415,  0.1039349, 173.4344380
169.1182133, 249.9371799,  7.9350555,  0.3090292, 21.1274383,  0.7991153,  0.0708605,  2.5057876, 1998.1956725,  0.0682726, 238.0764442,  1.0835977,  0.0031722, 17.1288257,  0.0191923,  0.0643325, 11.3390541, -959.0540063, 44.2973891,  0.0555500, 169.1182133
173.1484475, 273.6317626,  9.8821763,  9.1910934, 34.7608587,  0.5543934,  0.0295964,  5.0472634, 2373.4808079,  0.0313790, 529.7337838,  2.3266339,  0.0067063, 31.8331028,  1.3325776,  0.0904984, 37.8287749, -5314.5066508, 50.9003102,  0.1082407, 173.1484475
152.2878230, 244.8431815,  6.2550746,  8.0063252, 44.5937060,  0.6449054,  0.0500774,  3.8283416, 1884.3071737,  0.0670237, 252.0726850,  1.2708906,  0.0034574, 23.2002786,  0.5343731,  0.0325426, 15.0016287, -1448.9522599, 30.9570693,  0.0628954, 152.2878230
183.0382368, 269.0198587,  6.5531290, -7.1094278, 19.7177911,  0.6575452,  0.0339489,  3.4646358, 1953.3952547,  0.0313527, 315.3788295,  1.3136377,  0.0040285, 28.3504339, -0.6066329,  0.0942215, 18.8361238, -2736.2288953, 43.7920895,  0.0776718, 183.0382368
153.1192380, 282.3770415,  9.1436037, -9.3414233, 37.4387630,  0.7164135,  0.0712136,  4.4328025, 1828.4933020,  0.0790962, 304.6591745,  1.5273231,  0.0036261, 19.1968970, -0.7559266,  0.0468842, 16.3340313, -1232.4102154, 32.3381283,  0.0783971, 153.1192380
183.4105626, 236.5098471,  7.1764255,  4.6395981, 19.0939911,  0.6400481,  0.0786490,  4.5625927, 2227.6979266,  0.0388696, 316.0189949,  1.3154512,  0.0045711, 25.8253833,  0.3937604,  0.0970640, 19.3041673, -1178.2349396, 33.1732546,  0.0679428, 183.4105626
167.6689852, 245.6309715,  9.4596918, -0.1667610, 29.4825568,  0.9965613,  0.0299814,  3.2268627, 1914.9862886,  0.0317923, 368.0721488,  1.6716788,  0.0051687, 23.0076143, -0.0165840,  0.0738216, 14.5597289, -3629.6720621, 55.0824080,  0.0928170, 167.6689852
166.1589471, 246.4894096,  9.6128380, -7.8184027, 26.5573473,  0.8212386,  0.0464018,  4.2701672, 1855.7651737,  0.0636388, 371.0282340,  1.7079932,  0.0051182, 22.4982931, -0.7774502,  0.0814360, 17.5566068, -2330.4331951, 41.3619634,  0.0951750, 166.1589471
174.4664326, 289.0334175,  9.6355866,  5.6687005, 33.2520311,  0.5077930,  0.0760611,  4.6584093, 2183.9185717,  0.0647735, 368.6134734,  1.6171810,  0.0043268, 22.2495647,  0.5571209,  0.0644735, 28.1463256, -1409.3124780, 37.5843347,  0.0801693, 174.4664326
193.4431534, 296.6622335,  6.1741632,  4.6757201, 29.0482562,  0.7542283,  0.0349317,  3.3984230, 2272.9052870,  0.0797603, 346.3898668,  1.3766182,  0.0039047, 32.1624914,  0.4251947,  0.0683609, 17.5522873, -2842.3562798, 47.7194232,  0.0713496, 193.4431534
169.0094384, 223.1448440,  7.3070365, -4.3320346, 20.3033220,  0.8454028,  0.0225957,  4.9160408, 1857.2540995,  0.0316320, 414.6074482,  1.8671514,  0.0064192, 33.6055260, -0.4869883,  0.1209442, 19.3640876, -5433.7013617, 40.7925944,  0.1079756, 169.0094384
169.6410467, 274.8717021,  9.9339986, -3.9656481, 29.6106077,  0.7891986,  0.0603272,  4.3650189, 1856.0685084,  0.0757211, 359.4240863,  1.6243241,  0.0044131, 20.9328807, -0.3774049,  0.0702273, 17.5661064, -1723.4952786, 38.9055708,  0.0914964, 169.6410467
162.8008107, 225.1158963,  9.5219190, -4.0088596, 39.1343066,  0.6652098,  0.0299032,  4.3362517, 2169.6895140,  0.0538280, 441.2206032,  2.0673479,  0.0067237, 27.2502233, -0.4760701,  0.0663036, 26.0042688, -4338.5788278, 48.8680368,  0.0976656, 162.8008107
176.0142423, 297.3840528,  8.2538229,  6.9408793, 23.2702689,  0.8559231,  0.0466533,  3.1180104, 2021.7148075,  0.0653929, 318.1217375,  1.3858067,  0.0036086, 22.2887007,  0.5863165,  0.0790567, 14.3289348, -1971.6384052, 48.1844798,  0.0743130, 176.0142423
164.8578159, 283.5971554,  7.6812538, -4.3868807, 18.8037791,  0.9448224,  0.0267387,  3.9489498, 2038.0058327,  0.0279776, 376.2896836,  1.7369135,  0.0045870, 29.0325535, -0.4478875,  0.1185966, 15.7353324, -4170.1058105, 46.1190731,  0.0893628, 164.8578159
166.8093731, 274.2818805,  6.4723503, -5.6666560, 44.3643353,  0.9579111,  0.0460806,  5.2513294, 2052.3725053,  0.0323809, 339.4798867,  1.5504698,  0.0042630, 30.9697494, -0.5207051,  0.0451820, 13.9502895, -2174.9607077, 31.1727615,  0.0797606, 166.8093731
165.5119644, 296.8600382,  6.4059974,  7.4739005, 39.4260388,  0.6760991,  0.0436964,  3.7097539, 2123.0181432,  0.0793227, 297.5381217,  1.3818401,  0.0033532, 26.6384065,  0.5860861,  0.0432825, 16.8264832, -1952.6251486, 37.5659805,  0.0656427, 165.5119644
154.0030571, 286.0743197,  9.1305965,  0.0074916, 19.0909639,  0.9396656,  0.0558188,  5.8797337, 1934.6534451,  0.0696890, 381.7011846,  1.8955904,  0.0045386, 24.3775226,  0.0007619,  0.1165899, 15.7915275, -1993.7844795, 30.9154728,  0.0939573, 154.0030571
150.9888534, 270.3603415,  7.9642005, -7.2427071, 40.5389726,  0.7345653,  0.0766714,  3.8764040, 1904.1797959,  0.0521784, 255.9382721,  1.2974982,  0.0032113, 18.6881220, -0.4951955,  0.0367143, 13.5078479, -970.6091829, 31.3562157,  0.0638329, 150.9888534
176.3728489, 265.2371226,  7.8196122,  2.5791268, 28.7356126,  0.6313487,  0.0191684,  2.5864508, 2186.6731661,  0.0530460, 371.2590138,  1.6084021,  0.0047756, 27.7688815,  0.2560683,  0.0755654, 22.9288896, -5664.0547723, 68.5621153,  0.0810970, 176.3728489
150.6192456, 275.0722080,  7.3434252,  5.9006807, 21.4745383,  0.7212206,  0.0381894,  4.5257878, 2026.4635684,  0.0782225, 332.8618909,  1.6940764,  0.0040854, 26.2340856,  0.5212570,  0.0897100, 17.8075924, -2522.2739682, 34.7628403,  0.0776373, 150.6192456
169.5661557, 254.2285224,  8.3887451,  7.6474646, 32.4059140,  0.7216789,  0.0582068,  4.6679284, 2369.2928161,  0.0583701, 379.3934992,  1.7101024,  0.0050869, 26.4279750,  0.7793170,  0.0684127, 20.4797965, -1904.3969005, 38.7865841,  0.0764165, 169.5661557
155.6780332, 249.1258398,  6.6887706,  1.3692740, 44.7978507,  0.8056759,  0.0284680,  5.9096439, 2208.8415502,  0.0491726, 413.4160173,  2.0248321,  0.0057006, 36.3978023,  0.1523493,  0.0543456, 20.1451199, -4275.9676082, 33.6437954,  0.0900123, 155.6780332
174.2055634, 271.8749479,  6.5116210,  6.3993514, 28.8606557,  0.6583412,  0.0637307,  2.9124263, 2416.3831383,  0.0618769, 261.7573954,  1.1539281,  0.0032310, 23.1258642,  0.4421608,  0.0521772, 15.2491200, -1181.4319809, 42.2257108,  0.0508939, 174.2055634
154.2759045, 242.9441629,  6.3933793,  3.6540873, 20.9060828,  0.8320330,  0.0721841,  4.3223770, 1926.7792803,  0.0779473, 249.6448004,  1.2454369,  0.0034233, 22.2998887,  0.2383677,  0.0681963, 11.4235570, -987.5550774, 26.9373799,  0.0604291, 154.2759045
156.3703880, 251.7627812,  7.3070045, -4.0079918, 43.9994555,  0.6598902,  0.0235210,  5.2883088, 1935.1715368,  0.0550852, 409.6619119,  1.9991524,  0.0055754, 32.9312687, -0.4413975,  0.0546891, 24.3099956, -5115.2002439, 37.1600135,  0.1015484, 156.3703880
161.8081142, 282.2460551,  6.7817636, -2.7186496, 33.3432545,  0.8194559,  0.0377935,  5.5115823, 2305.3983017,  0.0566926, 391.0934237,  1.8458207,  0.0047360, 33.7894498, -0.2848716,  0.0687252, 18.6426191, -3031.6329524, 33.9541060,  0.0811751, 161.8081142
176.5470193, 287.3812774,  9.4521236,  2.5857042, 31.2241396,  0.5161031,  0.0618122,  4.7786135, 2142.3082480,  0.0567254, 389.2312277,  1.6848816,  0.0046185, 24.0718305,  0.2690037,  0.0728699, 29.3907586, -1840.4928517, 38.8849397,  0.0867364, 176.5470193
180.6855283, 274.4234456,  9.8954403,  8.8092338, 44.4169109,  0.9696793,  0.0638650,  5.6179596, 2288.8145472,  0.0554814, 465.8079834,  1.9675534,  0.0058131, 27.6359591,  1.1095194,  0.0615689, 18.8014045, -2141.0008583, 39.7535467,  0.0975762, 180.6855283
171.8924829, 297.7744374,  7.3291290,  2.6658113, 25.7511917,  0.9651628,  0.0631235,  2.5594928, 2332.6220880,  0.0265923, 253.8990992,  1.1260626,  0.0029306, 20.4112730,  0.1823524,  0.0580932, 10.3331003, -1184.9545936, 47.7324123,  0.0523749, 171.8924829
179.6613398, 245.7374396,  9.4848648, -0.8748461, 43.5790929,  0.6980933,  0.0497152,  3.3552404, 1737.7751764,  0.0272742, 320.8780901,  1.3604008,  0.0045004, 19.9883484, -0.0757913,  0.0435041, 18.1052009, -1906.7269972, 46.1454874,  0.0890962, 179.6613398
191.0589859, 272.8743630,  8.8865690,  5.9007958, 33.4403456,  0.8507679,  0.0344673,  5.5157168, 2173.9050599,  0.0508729, 521.4240011,  2.0809886,  0.0065633, 34.5490555,  0.8307420,  0.0918120, 24.0584675, -4453.8233531, 45.4582972,  0.1153386, 191.0589859
170.7919975, 222.4184785,  7.7703879,  4.9624442, 35.2421248,  0.8894225,  0.0379362,  5.7750337, 2336.6743188,  0.0508074, 455.1211950,  2.0321902,  0.0070253, 34.4726959,  0.6089020,  0.0760074, 20.0779138, -3530.4792054, 37.8798507,  0.0936191, 170.7919975
198.2337067, 251.1255755,  9.1637733,  6.7178067, 40.5144943,  0.8709733,  0.0656112,  3.6682694, 2489.0407585,  0.0403613, 395.8780682,  1.5235139,  0.0054059, 25.3963355,  0.7176545,  0.0574427, 17.8135021, -1773.5244899, 51.8118384,  0.0763586, 198.2337067
168.7570215, 284.5984532,  9.7609015, -8.0643465, 33.4730932,  0.7708083,  0.0305043,  3.6792157, 2022.5999830,  0.0464885, 412.5786727,  1.8644154,  0.0049774, 24.8788546, -0.9007757,  0.0725478, 21.0030647, -3980.4285421, 53.9026216,  0.0980517, 168.7570215
190.3667645, 285.5271943,  7.6837228, -5.0013547, 32.4491520,  0.5422261,  0.0782158,  3.3598095, 1716.1409210,  0.0703541, 263.9650949,  1.0680786,  0.0030715, 19.5664537, -0.3444470,  0.0463319, 18.4846874, -961.0793772, 36.5438232,  0.0715444, 190.3667645
185.7442601, 298.7880228,  6.8547593,  0.1165707, 39.8014779,  0.5295086,  0.0646379,  2.6848612, 2014.2467772,  0.0378742, 241.9956217,  0.9967206,  0.0027523, 20.5662110,  0.0075090,  0.0354199, 17.7493401, -1090.5082518, 42.8814528,  0.0571582, 185.7442601
166.6056657, 281.4359121,  6.1662267, -4.5532263, 41.0772157,  0.8220386,  0.0295348,  4.8206749, 2484.7967341,  0.0369463, 393.1955537,  1.7978491,  0.0048133, 37.6606417, -0.4841590,  0.0565335, 18.8331841, -3931.3669605, 39.3408909,  0.0763240, 166.6056657
152.6874848, 283.0664966,  6.1451808, -0.5063920, 17.1096408,  0.8017537,  0.0453338,  2.7346425, 2379.3337561,  0.0568620, 242.3086124,  1.2166747,  0.0028887, 22.8107040, -0.0324353,  0.0819280, 11.6557745, -1546.0426327, 41.8617736,  0.0481130, 152.6874848
194.5830421, 265.1241918,  8.2566364, -7.8929866, 18.0265470,  0.6924499,  0.0698092,  3.6117960, 2050.1737481,  0.0556447, 325.4340041,  1.2811971,  0.0041532, 22.8620815, -0.6851186,  0.1047144, 18.1735320, -1351.9988596, 42.6815853,  0.0751923, 194.5830421
177.5866012, 281.5864400,  7.3005010,  1.8657741, 17.2229064,  0.5949284,  0.0652833,  5.4964357, 2382.3254443,  0.0370099, 369.2100377,  1.5848704,  0.0045074, 29.8037826,  0.1855593,  0.1263332, 24.3819301, -1666.4482863, 32.3286623,  0.0745878, 177.5866012
153.6664868, 292.5325201,  6.0267719, -7.8075014, 27.0587702,  0.5224782,  0.0357858,  5.7916434, 1789.5977226,  0.0559265, 319.6786599,  1.5904325,  0.0037220, 30.9702748, -0.6700198,  0.0689798, 23.8160844, -2607.8889092, 26.3192085,  0.0851764, 153.6664868
175.9889179, 220.2926397,  6.5054074, -8.3212511, 19.1612513,  0.5981164,  0.0509321,  3.4568179, 2111.1110287,  0.0748605, 287.5295435,  1.2565317,  0.0043589, 25.3040196, -0.6303289,  0.0859093, 18.3479290, -1616.0041226, 38.8894981,  0.0636792, 175.9889179
191.5276454, 225.2496647,  8.7055393, -6.8864367, 35.1083760,  0.8592770,  0.0585768,  5.6369638, 2159.7427937,  0.0359143, 442.7565352,  1.7609681,  0.0067728, 30.0414210, -0.8269039,  0.0744913, 20.2904511, -2232.3397464, 37.8892266,  0.0988915, 191.5276454
155.7318562, 271.8406582,  6.4203932, -7.5733982, 37.9713616,  0.7432176,  0.0696902,  4.1476790, 2041.5238084,  0.0403056, 252.0747971,  1.2366879,  0.0031647, 22.9703623, -0.5133410,  0.0388395, 13.2288541, -1058.1020356, 29.0381651,  0.0589956, 155.7318562
151.6532435, 295.7346495,  7.1277667, -6.8116656, 16.8879964,  0.6954752,  0.0579497,  4.2481020, 2231.4615207,  0.0728246, 295.0600318,  1.4924058,  0.0033613, 23.9078484, -0.5329005,  0.1009057, 16.3350730, -1470.3223300, 32.7599978,  0.0623662, 151.6532435
170.3006026, 259.5903846,  9.7406364, -8.3520623, 34.8661812,  0.7970343,  0.0303410,  5.9863254, 2092.2751790,  0.0456596, 534.9455987,  2.3920674,  0.0071077, 32.4724002, -1.2157182,  0.0907188, 26.4565645, -5212.4417032, 43.1505397,  0.1234604, 170.3006026
159.7267386, 268.3984877,  6.0945505, -4.0073385, 37.0630245,  0.8906354,  0.0312638,  5.6240920, 1901.6289604,  0.0367135, 352.6583451,  1.6824619,  0.0045223, 34.1414069, -0.3816226,  0.0561413, 15.5751374, -3327.7584827, 30.2145064,  0.0893598, 159.7267386
158.5440708, 242.8080856,  6.6386246, -0.9435380, 28.8910159,  0.5951384,  0.0276860,  5.3005855, 2251.7875525,  0.0529455, 397.7912211,  1.9146546,  0.0056130, 35.1937678, -0.1007369,  0.0808688, 26.1718651, -4219.4218296, 35.9968800,  0.0847347, 158.5440708
183.4852791, 227.6597194,  6.0119206,  2.0972936, 21.1661580,  0.8267691,  0.0676661,  5.9268300, 2219.7048819,  0.0629102, 344.1552321,  1.4369714,  0.0051135, 33.1952613,  0.1913324,  0.0942860, 16.0921419, -1474.6466162, 27.4986700,  0.0734241, 183.4852791
167.7361844, 287.5332700,  7.1770335, -2.4327737, 20.1701695,  0.5102848,  0.0701028,  5.7545353, 2430.5338230,  0.0476418, 353.8616451,  1.6106305,  0.0042101, 28.9147655, -0.2308200,  0.1028857, 27.1119512, -1480.1278282, 29.4509437,  0.0697281, 167.7361844
157.1420135, 226.7238955,  8.7870775, -3.9500714, 31.5692821,  0.5706436,  0.0494481,  3.8322584, 2453.1635649,  0.0350379, 347.8295257,  1.6862913,  0.0052845, 23.3745700, -0.3713025,  0.0650614, 23.9956153, -2076.8675235, 43.7701602,  0.0683764, 157.1420135
194.4372799, 268.8928031,  7.1130164,  7.8345152, 22.2647168,  0.7281987,  0.0461936,  3.9523530, 2048.3934043,  0.0357192, 348.0215035,  1.3653813,  0.0044396, 28.7706091,  0.7371902,  0.0919149, 18.7353446, -2215.0865166, 42.2855479,  0.0815895, 194.4372799
155.2117639, 283.2172355,  6.1562435, -2.0301272, 20.8887260,  0.5914299,  0.0540181,  3.6487310, 1790.1816369,  0.0432727, 229.4797121,  1.1311707,  0.0027529, 21.7109624, -0.1240355,  0.0639857, 15.0660818, -1237.1595348, 29.9156087,  0.0609737, 155.2117639
186.9938580, 240.4453854,  7.6651167, -1.2670694, 32.1838487,  0.9765755,  0.0441681,  2.6779292, 1967.0369660,  0.0535663, 295.8935210,  1.2123997,  0.0041613, 22.3775023, -0.0993225,  0.0532957, 11.7093639, -1941.7421486, 52.3089648,  0.0712136, 186.9938580
161.6672249, 237.8033445,  6.5221927,  0.2319717, 19.3137594,  0.6732865,  0.0199842,  4.8083601, 2309.2247332,  0.0471918, 424.7944480,  2.0031302,  0.0061399, 38.3765177,  0.0265303,  0.1295962, 24.7838093, -6262.4094669, 42.5115597,  0.0885193, 161.6672249
192.7213224, 289.2612956,  6.7748130,  7.8697463, 23.6635353,  0.6811400,  0.0752665,  4.8916306, 2252.3910953,  0.0353991, 336.6991504,  1.3328516,  0.0039914, 29.2150050,  0.7162311,  0.0836419, 19.3720522, -1314.8363079, 33.0441400,  0.0717636, 192.7213224
150.7776752, 254.4292823,  7.7785660, -1.3633466, 41.1433642,  0.5013526,  0.0561310,  4.0573119, 1742.8337157,  0.0645329, 266.6127516,  1.3559511,  0.0035337, 19.8146522, -0.0960329,  0.0374616, 20.4951662, -1372.9448839, 31.0236170,  0.0722229, 150.7776752
198.2167200, 242.9509314,  9.7652866, -8.1023483, 39.1560716,  0.5277946,  0.0526298,  5.1826845, 2272.0965306,  0.0361643, 486.3314405,  1.8685304,  0.0069029, 29.4407999, -1.0715194,  0.0734236, 36.3143600, -2731.3239810, 45.3027596,  0.1033362, 198.2167200
158.4984546, 265.5637688,  6.2750104, -2.7265531, 29.4279983,  0.6665062,  0.0349910,  4.3878354, 1713.0683750,  0.0479043, 288.9432794,  1.3934297,  0.0037081, 26.9019978, -0.2104684,  0.0573638, 16.8850954, -2412.1993955, 31.4190812,  0.0804765, 158.4984546
186.4227867, 222.5511178,  9.3872290, -6.5380554, 29.4479276,  0.8569099,  0.0691002,  5.4704685, 1827.0128504,  0.0376140, 392.3154249,  1.6042675,  0.0060596, 24.6272884, -0.6936484,  0.0785054, 17.9857100, -1672.8015208, 34.5123332,  0.1033373, 186.4227867
178.3742556, 229.8480371,  8.0649250,  0.1761351, 22.3215084,  0.6573582,  0.0450075,  4.8080349, 1764.9582148,  0.0403734, 357.8908501,  1.5306247,  0.0053401, 26.0899590,  0.0169343,  0.0942649, 21.3393093, -2337.5414804, 35.7397039,  0.0973608, 178.3742556
193.1212475, 240.0933489,  9.3962550,  8.6235510, 33.8303369,  0.6560491,  0.0636202,  3.6927705, 2381.1837758,  0.0404289, 387.0490912,  1.5289497,  0.0055285, 24.2165467,  0.9034330,  0.0672606, 23.1227463, -1788.3060186, 50.3221887,  0.0780403, 193.1212475
187.8616391, 266.3948363,  7.2496577,  2.0808007, 37.8379477,  0.8880680,  0.0602927,  5.7509230, 2199.8730774,  0.0512144, 397.0409245,  1.6144081,  0.0050901, 32.0638336,  0.2211059,  0.0614335, 17.4500008, -1927.6948914, 33.0095971,  0.0862939, 187.8616391
157.9089883, 235.3861167,  8.3989055,  3.4882205, 36.3328632,  0.9088547,  0.0186741,  3.4293521, 2081.7183716,  0.0288679, 403.4593458,  1.9436851,  0.0059313, 28.4966307,  0.3819471,  0.0658744, 17.5561986, -6408.3564659, 56.9966010,  0.0938943, 157.9089883
177.2522903, 247.1658331,  7.2859686, -2.1178091, 23.8517635,  0.9681657,  0.0362151,  4.3722916, 1921.6983211,  0.0556728, 364.5666530,  1.5725022,  0.0050227, 29.2094470, -0.2060351,  0.0892257, 14.6544556, -2938.2630752, 39.7508426,  0.0904420, 177.2522903
190.7732957, 222.7484547,  6.5504915, -7.4423931, 34.5134759,  0.9453278,  0.0239510,  5.8468945, 2355.5925696,  0.0540872, 521.7645933,  2.0862176,  0.0080362, 46.8465186, -1.0494506,  0.0889124, 21.6410102, -6406.1616034, 42.8618373,  0.1063888, 190.7732957
171.6440737, 298.2136382,  8.8847369, -9.3478431, 34.9103635,  0.7111587,  0.0272803,  4.7442315, 2250.2772937,  0.0430106, 485.7068351,  2.1553459,  0.0056139, 32.3019800, -1.2368260,  0.0822090, 26.9039420, -5260.1013500, 49.4029258,  0.1041556, 171.6440737
185.5767143, 238.6313939,  8.6681526, -9.3394715, 34.1830571,  0.9688943,  0.0198998,  3.6662339, 2078.1832548,  0.0385564, 478.4246615,  1.9634869,  0.0069121, 32.6207560, -1.2174731,  0.0827198, 19.4559708, -7104.6298950, 62.9861749,  0.1111173, 185.5767143
194.5448552, 243.0555986,  7.1233454, -9.4296003, 28.0661845,  0.9596160,  0.0230111,  3.6203211, 2400.3901086,  0.0656266, 455.5322625,  1.7907600,  0.0063758, 37.2941289, -1.1550740,  0.0946545, 18.4559207, -5772.4049312, 59.9269545,  0.0903831, 194.5448552
192.4474756, 244.6695288,  8.8653469,  1.4026747, 25.8883318,  0.6842091,  0.0184680,  3.1695298, 1707.7017922,  0.0624164, 425.2831011,  1.6901831,  0.0059118, 27.9698852,  0.1589557,  0.0957817, 24.1605215, -6713.2978867, 63.8905182,  0.1185821, 192.4474756
175.9379731, 277.6929221,  9.6527609, -6.2840478, 37.8714505,  0.7700961,  0.0723377,  5.0324100, 2398.7214863,  0.0577973, 414.9000396,  1.8015160,  0.0051012, 25.1574424, -0.7000834,  0.0641219, 21.0223788, -1678.5087803, 39.4082225,  0.0826767, 175.9379731
198.5013191, 281.1439169,  9.5380411, -4.9827453, 38.9917494,  0.6502928,  0.0694541,  4.9919807, 2196.5418792,  0.0275070, 427.0602691,  1.6374352,  0.0052486, 26.5211745, -0.5773822,  0.0648753, 25.9329389, -1821.0585931, 41.3831813,  0.0940497, 198.5013191
172.5330372, 257.5701489,  7.4158062, -6.6600505, 17.1530573,  0.8474643,  0.0468042,  2.6127412, 2408.9781873,  0.0549774, 291.2926542,  1.2930584,  0.0038293, 22.8005346, -0.5168793,  0.0985739, 13.3011979, -1806.2935731, 52.8508331,  0.0573212, 172.5330372
185.6254781, 252.3985756,  7.0648179,  2.5139955, 33.1326143,  0.5101962,  0.0697147,  5.0002811, 2295.1505098,  0.0271612, 342.2611695,  1.4041935,  0.0046762, 28.6393256,  0.2325697,  0.0610672, 26.4384062, -1451.1403168, 33.0456401,  0.0719942, 185.6254781
165.5340658, 277.1171616,  9.2143711, -6.0961682, 43.9799903,  0.7982059,  0.0492618,  2.9722272, 1946.7249652,  0.0314050, 299.9289855,  1.3810102,  0.0037225, 19.1915684, -0.4944499,  0.0402088, 14.7696429, -1794.8814529, 48.5891154,  0.0741851, 165.5340658
159.0252248, 280.7253560,  8.3443256,  0.6891209, 42.8558683,  0.8129210,  0.0657782,  4.1151805, 2226.4430164,  0.0313584, 313.0185097,  1.4996038,  0.0038404, 22.1490685,  0.0581981,  0.0431257, 15.1567856, -1404.8663424, 36.6777473,  0.0677922, 159.0252248
150.3261540, 249.6450665,  8.0823579, -4.5454489, 44.8916301,  0.5556846,  0.0618266,  3.0675427, 2360.5882491,  0.0270382, 263.6619725,  1.3360243,  0.0036395, 19.2714126, -0.3241805,  0.0346965, 18.6866726, -1259.6402810, 41.4673076,  0.0538860, 150.3261540
160.0724440, 230.9133302,  9.0040905, -9.8991669, 25.6166383,  0.8579249,  0.0427099,  5.3958489, 2380.6175526,  0.0750423, 452.4567584,  2.1607040,  0.0066759, 29.3496310, -1.2073656,  0.1031621, 20.5353422, -3093.7416364, 39.9970118,  0.0906562, 160.0724440
197.1919975, 222.5021149,  8.6757061,  0.5984270, 32.4062420,  0.7974955,  0.0703427,  5.2829096, 1745.1768700,  0.0697599, 377.4406920,  1.4677524,  0.0057208, 25.1519301,  0.0596691,  0.0673360, 18.2413368, -1551.0553333, 33.7324432,  0.1021131, 197.1919975
195.5362161, 225.0395334,  6.7375218, -1.3737240, 25.7359299,  0.5903218,  0.0463536,  4.7009459, 1974.2388999,  0.0452630, 357.2651537,  1.3958991,  0.0054188, 31.0275444, -0.1312430,  0.0812284, 23.6084527, -2254.9331479, 36.3167657,  0.0864754, 195.5362161
183.2949904, 263.5398004,  8.0193401, -1.6615512, 31.9293857,  0.9182216,  0.0717681,  3.0275989, 2231.0629229,  0.0790949, 296.4422694,  1.2450514,  0.0037444, 21.0948452, -0.1284684,  0.0529815, 12.2822010, -1178.5647171, 45.6311560,  0.0619224, 183.2949904
153.0301058, 268.6134883,  6.0592828,  4.5905730, 19.9901087,  0.7902766,  0.0598798,  3.5267366, 2000.5361741,  0.0459545, 229.8146005,  1.1494556,  0.0029028, 22.0602524,  0.2809799,  0.0668677, 11.2761624, -1116.1472026, 30.9530542,  0.0545670, 153.0301058
155.3585213, 242.9115631,  7.7759394, -4.1689824, 36.8135419,  0.8898533,  0.0507239,  3.4113700, 2026.8386187,  0.0698246, 285.2909282,  1.4088426,  0.0039543, 21.1763284, -0.3142295,  0.0447297, 12.3365540, -1623.1569539, 39.4202648,  0.0663482, 155.3585213
181.4404914, 225.9558465,  7.4369623, -7.3271029, 30.2497451,  0.9542649,  0.0198545,  4.6845000, 1747.4178121,  0.0598654, 446.1902445,  1.8785267,  0.0067431, 35.1214555, -0.8792713,  0.0863468, 18.2476899, -6577.7642622, 45.5354544,  0.1220720, 181.4404914
180.3843554, 229.5899506,  6.9663414,  2.4501562, 40.6326879,  0.6895877,  0.0674102,  3.1087292, 2238.0228924,  0.0568302, 272.2524788,  1.1577955,  0.0039941, 22.5657499,  0.1760999,  0.0386882, 15.1975573, -1166.0006574, 41.2968058,  0.0573634, 180.3843554
177.7456661, 282.3759234,  9.4605030,  9.9779636, 18.0662477,  0.7914170,  0.0317265,  4.4020553, 2374.5804138,  0.0352934, 489.5693816,  2.0963196,  0.0059904, 30.6514017,  1.3355932,  0.1605080, 24.4268750, -4569.9593724, 53.7964858,  0.0997292, 177.7456661
167.9218714, 257.7628275,  7.0464044,  4.3535599, 33.5647257,  0.8764858,  0.0411751,  4.5151890, 2001.6915826,  0.0627014, 343.3673909,  1.5651355,  0.0045194, 28.3411312,  0.3980267,  0.0594979, 15.1896790, -2425.0453695, 36.1204905,  0.0814765, 167.9218714
160.4842523, 298.7841270,  9.2214175, -0.9745920, 33.6119725,  0.8273787,  0.0285124,  5.3362964, 2362.9440285,  0.0526636, 503.1222803,  2.3890942,  0.0057946, 32.1861972, -0.1321837,  0.0883026, 23.9150755, -5204.8006662, 45.4226264,  0.1025791, 160.4842523
169.4550800, 250.6874686,  7.1306935, -4.9154530, 27.0922546,  0.6769616,  0.0281022,  3.0638370, 2417.8941227,  0.0624158, 350.1973240,  1.5815939,  0.0047417, 28.5767986, -0.4587987,  0.0752143, 20.0673497, -3625.5605854, 54.3155912,  0.0688261, 169.4550800
167.4124663, 240.4644064,  6.6092892,  2.1970088, 44.2310092,  0.8790012,  0.0575050,  4.5989178, 1967.0166322,  0.0656965, 300.0910270,  1.3746325,  0.0042078, 26.2442091,  0.1742124,  0.0392158, 13.1555041, -1508.1773091, 30.8018942,  0.0720153, 167.4124663
164.2585398, 263.4764670,  8.8989526, -8.1894966, 44.8470609,  0.6660238,  0.0337925,  5.3881018, 1813.9343396,  0.0565679, 423.3744459,  1.9674255,  0.0055006, 27.9189720, -0.9360806,  0.0553993, 24.8689430, -3676.1078703, 37.6571414,  0.1118566, 164.2585398
166.4073137, 262.5215619,  9.8302239,  2.2163929, 38.7866593,  0.6700238,  0.0201859,  4.6798291, 2100.9150399,  0.0724161, 526.9266333,  2.4177220,  0.0068645, 31.4261043,  0.3130137,  0.0796474, 30.7377800, -7652.0010858, 53.9099332,  0.1200854, 166.4073137
165.1547631, 287.9514501,  6.4716627, -0.8916488, 29.3180634,  0.5456994,  0.0667680,  5.3772297, 2252.8716377,  0.0550955, 314.2072332,  1.4554295,  0.0037085, 28.2871310, -0.0745898,  0.0624409, 22.3645447, -1370.9028924, 27.8029585,  0.0663610, 165.1547631
178.1001095, 298.1008274,  6.3625867, -4.2651934, 17.9367798,  0.5426865,  0.0416352,  5.3422383, 2428.4358948,  0.0668663, 392.7039422,  1.6875427,  0.0044709, 35.9094557, -0.4460983,  0.1273791, 28.0674070, -2743.7995600, 34.9272273,  0.0768353, 178.1001095
169.3015347, 239.0952914,  7.1709012, -3.1282668, 40.6358128,  0.5392361,  0.0376147,  5.3498880, 2261.0243927,  0.0351628, 399.2273005,  1.7959373,  0.0057570, 32.9058376, -0.3376201,  0.0580681, 29.1726902, -3136.6011949, 36.0202589,  0.0852288, 169.3015347
183.8182153, 220.3500602,  6.1366844,  5.8855994, 29.3340061,  0.7467073,  0.0250879,  4.8562468, 1952.3842351,  0.0567223, 397.9440150,  1.6547043,  0.0061553, 37.8886130,  0.6274954,  0.0792631, 20.7587319, -4633.9127053, 39.1008838,  0.0972573, 183.8182153
161.0202106, 290.1985987,  8.2121144, -3.7789821, 20.7624615,  0.8099071,  0.0554217,  5.2405374, 2045.5057623,  0.0418833, 356.0328175,  1.6861544,  0.0042127, 25.5200119, -0.3623991,  0.1009385, 17.2508072, -1890.7140059, 32.6591497,  0.0836720, 161.0202106
177.2108231, 285.4330317,  8.1826393,  6.7388355, 20.6834871,  0.6975853,  0.0232443,  5.4579680, 1867.5394625,  0.0589182, 484.1459938,  2.0851400,  0.0058086, 34.7348845,  0.8792233,  0.1374154, 27.1625591, -6113.8129769, 42.5278189,  0.1242895, 177.2108231
151.4955842, 290.8630907,  8.4842808, -8.7183445, 35.7219896,  0.5404318,  0.0454352,  4.4801156, 2303.2615016,  0.0730138, 363.8134676,  1.8379904,  0.0042447, 24.9462892, -0.8497107,  0.0592496, 26.1089175, -2329.1579091, 38.5812764,  0.0750451, 151.4955842
157.1257792, 297.9584871,  9.0018408,  3.9108838, 24.2804275,  0.9573415,  0.0604478,  4.8868453, 2258.1549520,  0.0660982, 371.2393808,  1.8069142,  0.0042388, 24.0519902,  0.3875060,  0.0891715, 15.0773216, -1790.9025732, 36.1825014,  0.0783021, 157.1257792
199.4462238, 239.3528121,  8.2606136,  0.6916860, 18.2867058,  0.8633265,  0.0223552,  5.9799306, 2157.4293467,  0.0326549, 598.8231840,  2.2837439,  0.0086612, 43.0217649,  0.1123250,  0.1943413, 27.4431659, -7948.6259882, 48.5343503,  0.1345268, 199.4462238
180.5480162, 268.1358693,  6.0998715, -5.3593896, 35.3076531,  0.8525182,  0.0606006,  3.2814750, 1916.6270399,  0.0286834, 245.7775638,  1.0387965,  0.0031406, 23.6659576, -0.3545482,  0.0408861, 11.2888533, -1191.0721269, 35.9269623,  0.0615109, 180.5480162
154.8128145, 253.0639508,  6.1658080,  6.9343299, 19.1564637,  0.6634920,  0.0327932,  3.9847066, 1707.1518187,  0.0502501, 274.0300130,  1.3538760,  0.0036824, 25.9090763,  0.5086513,  0.0833924, 16.0514764, -2435.7220779, 32.7408845,  0.0764213, 154.8128145
158.5721197, 299.8291400,  8.8040134,  4.7319160, 31.4410080,  0.8899276,  0.0512786,  4.1177121, 2319.2969236,  0.0269269, 355.0789546,  1.7038503,  0.0040951, 23.9078980,  0.4561357,  0.0669462, 15.7679827, -2052.3722438, 41.7456224,  0.0741158, 158.5721197
180.0691348, 250.8065182,  8.5469353,  2.5270114, 33.8962480,  0.6512575,  0.0594540,  5.7550211, 2120.6348179,  0.0581194, 413.7928429,  1.7559235,  0.0056284, 28.3138216,  0.2796043,  0.0713933, 24.7722198, -2035.1564853, 34.3405158,  0.0931940, 180.0691348
199.8488469, 269.7639850,  6.0618809, -9.2314213, 29.5942230,  0.5621569,  0.0573444,  3.3055804, 2138.8125511,  0.0455894, 285.1006885,  1.0923815,  0.0035808, 27.3172340, -0.7045951,  0.0559548, 19.6379124, -1443.8534686, 40.9111072,  0.0632290, 199.8488469
184.4629512, 277.5966466,  7.4888677, -2.1947525, 29.2400626,  0.9523327,  0.0694527,  5.7193093, 1993.4951560,  0.0769331, 369.5775303,  1.5372955,  0.0044808, 28.4731601, -0.2139419,  0.0729245, 14.9269767, -1535.0858450, 30.4476010,  0.0873537, 184.4629512
197.7419048, 297.4601313,  7.3172811,  1.8314382, 33.2434641,  0.9732161,  0.0245666,  5.7409624, 2401.1506509,  0.0480934, 564.2314802,  2.1744956,  0.0065270, 45.4858616,  0.2786201,  0.1001198, 22.7995148, -6774.0884203, 47.3463271,  0.1132013, 197.7419048
176.4080051, 289.8732201,  6.1677208,  0.8726067, 42.4434814,  0.7553483,  0.0385875,  3.4703998, 2292.6898628,  0.0369053, 310.0499474,  1.3411714,  0.0036650, 29.5285311,  0.0726214,  0.0429097, 16.0741516, -2359.8821932, 42.8579963,  0.0648733, 176.4080051
182.5804893, 254.4097081,  9.7456716, -9.5234656, 39.7911281,  0.6964859,  0.0224335,  5.9667548, 1950.2195535,  0.0412449, 593.5533870,  2.4741737,  0.0080621, 36.0789631, -1.5443024,  0.0883649, 33.6559797, -7836.8063865, 48.1251902,  0.1472405, 182.5804893
196.7370094, 241.4090029,  7.0544512, -4.7187906, 40.9163489,  0.9291075,  0.0669494,  5.1364496, 2327.3634083,  0.0297812, 379.5143068,  1.4694222,  0.0054173, 31.7803808, -0.4844874,  0.0547930, 16.0866311, -1674.3464436, 35.6454522,  0.0786689, 196.7370094
158.6575847, 244.9891490,  9.8413853, -5.6983621, 40.8238462,  0.9360953,  0.0350017,  4.3337859, 1819.5580833,  0.0506652, 392.7396835,  1.8886080,  0.0054960, 23.4540920, -0.6029845,  0.0565407, 16.4385519, -3297.2755174, 43.4962917,  0.1035986, 158.6575847
187.0199332, 284.0845912,  9.5870483,  3.5363315, 39.9216392,  0.8585729,  0.0756731,  5.1368171, 2266.1177507,  0.0460410, 418.1925838,  1.7060948,  0.0050462, 25.6334584,  0.3975970,  0.0615579, 19.0819909, -1623.7549124, 39.0699492,  0.0885634, 187.0199332
152.4368735, 271.3909900,  8.6007014, -3.7529947, 42.2869875,  0.7546799,  0.0694250,  2.9092921, 1910.1048810,  0.0775123, 245.4565222,  1.2393029,  0.0030132, 16.2991906, -0.2407385,  0.0331507, 12.3835701, -1009.6115640, 39.3511484,  0.0599360, 152.4368735
160.1935834, 254.8626237,  7.0685356, -6.7156403, 34.8750760,  0.5615643,  0.0777427,  3.8182508, 2217.6539375,  0.0352221, 259.6045395,  1.2369140,  0.0034876, 21.5571261, -0.4697307,  0.0436923, 18.0896250, -980.0107547, 32.5912252,  0.0561140, 160.1935834
192.1641909, 250.9972868,  9.9476539,  4.8009180, 17.8641971,  0.9058988,  0.0516541,  2.9692486, 2152.1391312,  0.0340661, 363.2421933,  1.4410686,  0.0049739, 21.5143733,  0.4705846,  0.1198025, 15.7499227, -2071.6407956, 58.8637111,  0.0812127, 192.1641909
175.8316919, 269.1129108,  9.2289051, -6.6638163, 42.8615878,  0.8568371,  0.0380775,  2.8388942, 2364.4917715,  0.0766340, 373.5662813,  1.6289675,  0.0046832, 23.4106814, -0.6608421,  0.0504076, 16.8102718, -2837.0405568, 62.1526793,  0.0746228, 175.8316919
152.5798223, 222.7589105,  7.4983315, -3.6253933, 21.7624266,  0.5127238,  0.0526047,  3.3228950, 2021.6725206,  0.0298909, 256.2287763,  1.2801504,  0.0039542, 20.1379217, -0.2504728,  0.0693860, 19.6338091, -1435.2394187, 37.1114134,  0.0609977, 152.5798223
171.0484476, 239.6299574,  7.9055697, -1.8423513, 44.5771906,  0.7703375,  0.0663798,  4.0491422, 2239.7968924,  0.0681670, 323.7344289,  1.4511233,  0.0045581, 23.6851678, -0.1576804,  0.0420046, 16.2045627, -1410.4037487, 37.7651691,  0.0682725, 171.0484476
180.3725482, 235.3103962,  7.5950613, -1.7064554, 26.3874849,  0.6625135,  0.0720422,  2.6202534, 2037.4831168,  0.0777431, 250.5149870,  1.0715814,  0.0035176, 18.6825820, -0.1106719,  0.0537737, 14.2784872, -984.8069841, 44.2251913,  0.0568747, 180.3725482
198.6579095, 257.8760274,  9.9738098, -3.0451788, 38.9732397,  0.5960784,  0.0568623,  3.3191386, 2041.8157322,  0.0676404, 374.7602714,  1.4463059,  0.0049040, 21.7363066, -0.3019359,  0.0556263, 24.2466747, -1906.3049425, 53.3416289,  0.0867112, 198.6579095
166.1482973, 287.8590893,  6.0826150,  5.9871675, 23.4275105,  0.5030371,  0.0589179,  4.1653038, 2058.9489424,  0.0258129, 263.2047950,  1.2070368,  0.0031481, 25.5399394,  0.4265426,  0.0663108, 20.5882273, -1318.3561446, 30.4584878,  0.0616183, 166.1482973
163.0327514, 224.4909713,  6.8246381,  3.1884071, 29.6536169,  0.7821743,  0.0189643,  4.5970800, 2178.9654231,  0.0473466, 428.4766788,  2.0036056,  0.0065600, 36.9916438,  0.3681728,  0.0851345, 21.5173329, -6656.0602119, 44.8483040,  0.0946189, 163.0327514
177.9065891, 265.7491974,  9.5190063,  1.0316845, 42.6685749,  0.8359661,  0.0338881,  3.5247813, 2424.7774813,  0.0344056, 434.5612078,  1.8598450,  0.0056427, 27.0053542,  0.1211941,  0.0602467, 20.5003631, -3792.8427656, 59.5599256,  0.0865794, 177.9065891
153.4036964, 238.3150238,  6.0769973, -8.2254466, 16.8205890,  0.6376852,  0.0741223,  3.7891537, 2300.9371585,  0.0548918, 240.2214049,  1.2002684,  0.0034043, 22.8863813, -0.5263440,  0.0826847, 14.5401399, -938.1825418, 29.9756614,  0.0493635, 153.4036964
169.1554607, 220.9461180,  8.3985004,  1.7853749, 35.4661581,  0.5352197,  0.0704757,  4.7949296, 2235.6841544,  0.0663778, 347.8031889,  1.5745991,  0.0053317, 24.0453653,  0.1647969,  0.0569402, 25.1541559, -1432.7275284, 34.3950324,  0.0737679, 169.1554607
153.0997698, 238.2189579,  7.2967566,  8.8349394, 38.6003147,  0.6218976,  0.0419519,  4.3307178, 2129.2718729,  0.0535808, 324.8436306,  1.6212738,  0.0046522, 26.0368082,  0.7730872,  0.0492183, 20.3660811, -2264.3110939, 35.8263487,  0.0728671, 153.0997698
184.7036464, 268.3731015,  8.9943555,  4.2664448, 36.1083517,  0.8884425,  0.0187011,  5.2586763, 1816.1717386,  0.0656925, 551.8995751,  2.2808224,  0.0070394, 36.0069776,  0.6325175,  0.0896910, 24.3016702, -8658.8563425, 50.2950345,  0.1456279, 184.7036464
166.5840586, 262.2659109,  9.0067621,  8.6261254, 19.4101863,  0.7114687,  0.0798918,  3.4492351, 1762.9052200,  0.0619243, 268.0392419,  1.2346327,  0.0034394, 17.1686764,  0.6141381,  0.0796665, 14.4896689, -967.7729997, 36.6123441,  0.0716344, 166.5840586
151.1767115, 231.2501537,  9.5963516, -3.0455323, 18.3888428,  0.8392046,  0.0433258,  4.9361859, 1861.1770690,  0.0320460, 369.5298470,  1.8605777,  0.0055196, 22.8014932, -0.3047810,  0.1189913, 17.3824244, -2525.1801706, 36.2011832,  0.0960122, 151.1767115
160.7852090, 291.6435411,  8.9310887,  9.2858609, 33.6571286,  0.7130818,  0.0340470,  4.5914569, 1871.4854726,  0.0737516, 395.8785209,  1.8841633,  0.0046086, 25.7988941,  0.9862785,  0.0684587, 21.5414472, -3383.7414754, 40.9826289,  0.1005458, 160.7852090
166.8711583, 263.6830410,  7.6588666, -8.2177261, 29.8429842,  0.7661546,  0.0482528,  4.1768151, 2342.8154520,  0.0574875, 355.0745315,  1.6268120,  0.0045858, 27.0652203, -0.7837293,  0.0694598, 18.0371691, -2147.9454281, 40.5299111,  0.0722575, 166.8711583
157.5220479, 286.1642836,  8.9252380, -9.0094227, 21.0685310,  0.9068417,  0.0348678,  5.1820343, 2107.7891989,  0.0761175, 436.6151443,  2.1194233,  0.0051935, 28.5454544, -1.0575476,  0.1209268, 18.7298383, -3653.4372896, 40.1514576,  0.0987130, 157.5220479
194.7201962, 278.0352542,  9.2998143,  2.5435222, 36.0022780,  0.7169100,  0.0766929,  4.0081913, 1725.1033507,  0.0397233, 324.9211611,  1.2744548,  0.0039928, 20.4640364,  0.2213260,  0.0528610, 17.6974076, -1240.7383683, 38.7759066,  0.0900939, 194.7201962
165.8652284, 249.5041883,  9.2549383,  4.6404243, 29.2795654,  0.6455394,  0.0636115,  5.8948849, 2316.1351136,  0.0287317, 416.6516557,  1.9110409,  0.0057779, 26.7026777,  0.5251496,  0.0844041, 25.5219767, -1942.5072305, 34.2371690,  0.0871383, 165.8652284
178.0324840, 293.6487880,  9.5796134, -4.1608164, 44.1340228,  0.5348401,  0.0734502,  4.9432684, 2368.7806282,  0.0588458, 402.6177648,  1.7284462,  0.0046739, 24.5609886, -0.4481081,  0.0533114, 29.3277384, -1601.6627662, 38.8708880,  0.0811174, 178.0324840
181.3743000, 278.4303766,  7.3632790, -0.9512085, 26.3691187,  0.5152767,  0.0250519,  3.9381344, 2069.1722238,  0.0754701, 403.5807246,  1.7049095,  0.0049011, 31.7705508, -0.1016852,  0.0887157, 30.2666397, -4669.0154094, 48.5121245,  0.0923303, 181.3743000
183.9296060, 282.3015879,  7.1457648, -0.1534659, 30.8129408,  0.8721786,  0.0314289,  5.2129254, 2271.4594736,  0.0554466, 454.0460080,  1.8846061,  0.0055029, 37.2680393, -0.0186743,  0.0864275, 20.3558183, -4236.6902482, 41.7204111,  0.0957470, 183.9296060
192.1485675, 241.9979217,  7.8967373,  4.7574939, 32.4410628,  0.7221615,  0.0299316,  4.8540152, 1813.9197775,  0.0603942, 437.1499729,  1.7391127,  0.0061546, 32.3332512,  0.5563153,  0.0787049, 23.5706449, -4265.1789568, 42.9576745,  0.1149539, 192.1485675
164.3977418, 281.5908578,  7.4956419,  2.5754916, 22.4474336,  0.8657331,  0.0391217,  2.8800473, 1813.8894640,  0.0316436, 267.9310296,  1.2430258,  0.0032656, 21.0305315,  0.1856341,  0.0702251, 12.1390242, -2014.7065477, 44.6996666,  0.0709730, 164.3977418
151.3111894, 285.6763160,  9.5982527, -3.7467003, 25.0851390,  0.7051771,  0.0764646,  2.8384018, 1848.3806290,  0.0674241, 243.2343394,  1.2348096,  0.0028550, 14.5671716, -0.2397077,  0.0557379, 13.2183713, -914.2750655, 40.2289200,  0.0617762, 151.3111894
182.5130346, 222.2757708,  6.1852823, -7.5110999, 38.2233331,  0.8066269,  0.0447364,  4.5085688, 1928.6636443,  0.0641142, 326.1712637,  1.3701467,  0.0049517, 30.5049533, -0.6512943,  0.0493630, 15.5943019, -2108.8177254, 34.1771638,  0.0798947, 182.5130346
160.8703782, 265.9027513,  7.9242139,  1.8263606, 21.8742102,  0.8516894,  0.0599874,  5.5166046, 2349.5709828,  0.0505830, 374.4961946,  1.7768178,  0.0048223, 27.7397015,  0.1835007,  0.1004906, 17.2062203, -1832.1800049, 32.5410041,  0.0764037, 160.8703782
199.1340176, 287.0550014,  7.1444004,  7.6448706, 20.3747225,  0.7996904,  0.0618589,  3.2275615, 2256.8535811,  0.0512940, 314.0527768,  1.2078493,  0.0037046, 25.5169116,  0.6406164,  0.0894751, 15.1978014, -1473.5383207, 46.1279539,  0.0659683, 199.1340176
198.9610646, 247.7062135,  8.0260828, -9.4891624, 29.6524076,  0.6364213,  0.0403947,  2.6383925, 2377.3754607,  0.0758544, 357.9104021,  1.3819205,  0.0048439, 25.6278194, -0.9000892,  0.0693674, 21.5466298, -2546.0166686, 63.6679277,  0.0706582, 198.9610646
187.5354238, 225.1301511,  7.9936385, -5.3647608, 35.0079027,  0.8504843,  0.0220213,  5.9238023, 2150.2844850,  0.0660907, 569.5697707,  2.3181397,  0.0086622, 41.8214122, -0.8218855,  0.0954942, 26.2050890, -7590.5064756, 46.0879582,  0.1269674, 187.5354238
172.1687688, 263.6428766,  8.3411679,  4.5895094, 28.4056051,  0.8680722,  0.0596109,  5.0213204, 2455.2153691,  0.0263708, 395.2286156,  1.7464377,  0.0051866, 28.1031430,  0.4926339,  0.0825235, 18.0025750, -1966.1922362, 38.1248948,  0.0779717, 172.1687688
159.9225404, 293.8592403,  7.4850034,  4.0994300, 43.5146891,  0.9210118,  0.0193755,  4.5565232, 2405.2514020,  0.0703493, 471.2384096,  2.2505978,  0.0054787, 36.8727658,  0.5178562,  0.0634252, 19.9775065, -7122.1991684, 49.4662475,  0.0937092, 159.9225404
175.6101636, 270.5818182,  9.5546409, -9.7877423, 41.0570059,  0.7720526,  0.0358819,  5.2971140, 2117.8675084,  0.0400940, 489.2517897,  2.1214988,  0.0062374, 30.2812553, -1.3066833,  0.0704695, 24.9833176, -4031.6444623, 44.6060489,  0.1115666, 175.6101636
177.3139946, 297.2567809,  9.2798921, -7.3685625, 36.1603716,  0.6238763,  0.0262016,  2.5841451, 2474.5038196,  0.0696455, 404.7881819,  1.7472841,  0.0046207, 25.3735105, -0.7971790,  0.0651164, 25.1613400, -4493.3051911, 74.4134478,  0.0777106, 177.3139946
152.4482318, 233.3264466,  8.9399043, -1.5956900, 41.2750103,  0.8418792,  0.0637412,  5.4727813, 1917.0692061,  0.0329092, 340.7089856,  1.7020303,  0.0050355, 22.5299082, -0.1468923,  0.0487983, 15.9496530, -1579.9458383, 30.0558507,  0.0858024, 152.4482318
183.6949722, 282.6831823,  9.1043041,  1.2511935, 39.0304272,  0.8200554,  0.0733868,  4.2700695, 2051.4289016,  0.0595950, 353.6729557,  1.4738201,  0.0042434, 22.5866135,  0.1175811,  0.0526859, 16.7171965, -1401.0384119, 39.3285345,  0.0818627, 183.6949722
189.0085604, 298.8452815,  8.3788359,  2.0028848, 19.3969990,  0.6449471,  0.0274304,  5.9469899, 1951.1485175,  0.0698815, 520.1687962,  2.1029964,  0.0059374, 36.3029381,  0.2784866,  0.1568162, 31.4419958, -5544.5117656, 41.7708285,  0.1273151, 189.0085604
189.8294915, 249.0320227,  9.9304285,  0.6313181, 38.7103577,  0.9270796,  0.0666499,  2.6587419, 2262.8202363,  0.0517663, 328.1257634,  1.3227524,  0.0044735, 19.2317372,  0.0550932,  0.0493355, 13.7334047, -1432.7059797, 58.6617695,  0.0689257, 189.8294915
159.4579052, 250.1939790,  7.0808026,  9.3046824, 43.2595480,  0.5321767,  0.0424686,  2.6632723, 2156.0699562,  0.0274547, 256.6767451,  1.2267841,  0.0035294, 21.3788371,  0.6493153,  0.0349933, 18.9635432, -1782.2491275, 46.4190037,  0.0573388, 159.4579052
183.7824229, 248.0206922,  6.1207879, -4.5928514, 43.5616839,  0.5736674,  0.0452644,  5.2940488, 1805.7512962,  0.0730803, 335.7155382,  1.4023248,  0.0045480, 31.5924685, -0.4066782,  0.0443901, 22.4718815, -2136.0142166, 29.8296241,  0.0874536, 183.7824229
180.7163092, 294.3023160,  6.9483503,  1.9386660, 29.3500008,  0.5101017,  0.0520323,  4.8648423, 1752.4465308,  0.0335040, 314.6432693,  1.3278538,  0.0036699, 26.6470638,  0.1640763,  0.0630845, 24.1981997, -1779.2146043, 31.0818693,  0.0862842, 180.7163092
158.1165046, 240.3773015,  8.1281701, -1.3493852, 22.3785613,  0.7360135,  0.0491932,  5.3885332, 2114.9409490,  0.0286834, 368.1020071,  1.7715979,  0.0052937, 26.8375301, -0.1345233,  0.0974772, 19.7586972, -2217.1769708, 33.0605133,  0.0842329, 158.1165046
193.4963081, 235.5459714,  7.6689206,  8.0024626, 29.4757802,  0.6838165,  0.0770576,  2.5872680, 1832.7461556,  0.0348806, 241.1452787,  0.9531006,  0.0034829, 18.3386444,  0.5176164,  0.0477129, 13.7110471, -912.5485331, 44.3920179,  0.0626677, 193.4963081
194.9560495, 282.4207103,  6.4337043, -7.2758289, 26.9385732,  0.7843855,  0.0703025,  5.3989964, 1895.5521104,  0.0372084, 326.4706089,  1.2783404,  0.0039560, 29.7697814, -0.6401894,  0.0710988, 16.2785585, -1362.1853598, 28.9713367,  0.0825175, 194.9560495
199.1451233, 252.5416183,  7.9067453,  0.2988999, 40.3397281,  0.8483184,  0.0188077,  3.6766476, 2117.5455475,  0.0528106, 486.3894236,  1.8641094,  0.0065952, 36.1113773,  0.0389958,  0.0707797, 22.4383893, -7590.5841666, 63.4212256,  0.1101169, 199.1451233
170.1578262, 251.3486476,  8.7998911,  6.4077335, 24.4674555,  0.5823274,  0.0683428,  3.6880373, 1851.6708405,  0.0444674, 290.8305114,  1.3063203,  0.0039444, 19.3136962,  0.4996997,  0.0694631, 19.4573725, -1243.4263686, 37.6350262,  0.0749590, 170.1578262
175.9543165, 227.0967633,  6.5368452,  2.5502478, 22.5226248,  0.7557017,  0.0678304,  3.8346550, 1971.7505169,  0.0492398, 265.9974438,  1.1578161,  0.0039660, 23.6199711,  0.1800375,  0.0685533, 13.6209024, -1138.1328654, 32.8825958,  0.0639500, 175.9543165
180.1650032, 245.8072489,  9.3899747, -8.4002720, 40.2885326,  0.8433973,  0.0318494,  5.3857764, 1718.3837380,  0.0414205, 466.1798215,  1.9713609,  0.0065316, 29.3110880, -1.0640527,  0.0683148, 21.7556911, -4320.8139731, 41.7342749,  0.1308040, 180.1650032
166.5077834, 254.0908958,  8.7616526, -9.3974313, 23.1491633,  0.9911972,  0.0679234,  4.0208991, 1957.4668729,  0.0461405, 314.4976316,  1.4428661,  0.0042263, 21.0107546, -0.7976306,  0.0795229, 12.3815883, -1355.1208601, 37.3894723,  0.0768030, 166.5077834
189.4247504, 287.2735937,  7.8923255,  8.4541260, 29.5845371,  0.8489997,  0.0530852,  4.8265047, 1763.4635691,  0.0675589, 365.9701489,  1.4808114,  0.0043029, 26.8493355,  0.8245578,  0.0716265, 16.6394787, -1995.8832007, 35.8550743,  0.0981334, 189.4247504
155.2719536, 274.6103621,  6.3855541,  9.0586550, 38.1158618,  0.9669621,  0.0403369,  4.3873367, 2306.7453443,  0.0614489, 328.2925230,  1.6175151,  0.0040626, 29.9505316,  0.7982754,  0.0501762, 13.1856769, -2370.6672273, 35.5997537,  0.0677093, 155.2719536
191.8897051, 227.0869878,  6.3553731,  0.5641451, 19.4427577,  0.6676831,  0.0483427,  3.5972467, 2315.9269872,  0.0707839, 325.1577102,  1.3015631,  0.0048022, 29.4152678,  0.0481909,  0.0961515, 18.6660417, -1933.5391315, 42.4412790,  0.0659225, 191.8897051
184.8935442, 264.6722993,  8.6934206, -6.5809550, 29.9521912,  0.5708937,  0.0261250,  5.7032694, 2345.2024590,  0.0771555, 570.2978685,  2.3566969,  0.0073529, 38.3760789, -1.0076320,  0.1113840, 38.9587271, -6385.0616671, 47.7718692,  0.1161758, 184.8935442
184.4508867, 292.9553716,  8.5236428,  5.7081253, 41.0813719,  0.6967633,  0.0354015,  4.2661080, 2446.2125361,  0.0512769, 456.7267389,  1.8893253,  0.0053436, 31.4843320,  0.7022623,  0.0653243, 25.6769356, -3790.2501949, 51.3727374,  0.0895922, 184.4508867
158.3654680, 281.6447817,  8.2653977, -4.8769475, 24.6642437,  0.8425326,  0.0433258,  5.3327903, 2498.8514125,  0.0448785, 423.4464327,  2.0376433,  0.0051738, 30.2228089, -0.5580117,  0.1012817, 19.7660826, -2882.8472337, 38.2550616,  0.0816400, 158.3654680
182.0901934, 275.7148119,  9.6793250, -3.6968198, 41.1542346,  0.7004706,  0.0516693,  5.0771869, 1952.9288796,  0.0394897, 422.3229469,  1.7675907,  0.0052698, 25.7331326, -0.4213231,  0.0605234, 23.7059046, -2410.3215919, 40.0644707,  0.1041588, 182.0901934
